{
  "oob_score_before_consensus": 0.9998740554156171,
  "oob_score_after_consensus": 1.0,
  "n_changed": 2,
  "n_corrected": 2,
  "n_broken": 0,
  "biases": [
    0.0,
    -0.25316455696202533,
    1.2658227848101262
  ],
  "global_prior": [
    0.6860511302947998,
    0.2425093948841095,
    0.0714394822716713
  ],
  "best_params": {
    "n_estimators": 1108,
    "learning_rate": 0.020846957895078073,
    "num_leaves": 249,
    "max_depth": 9,
    "min_child_samples": 37,
    "subsample": 0.6727299868828402,
    "colsample_bytree": 0.6733618039413735,
    "reg_alpha": 0.0033205591037519565,
    "reg_lambda": 0.042051564509138675,
    "class_weight": "balanced"
  },
  "best_trial": 1,
  "prox_pos_precision": 2,
  "prox_time_window_s": 60,
  "verdict": "1.0 achieved"
}